Category,Asset,Spec,Owner,Status,Notes
iOS,App Icon,1024x1024 PNG,,Pending,
iOS,iPhone Screenshots,Required device sizes,,Pending,
iOS,iPad Screenshots,If iPad supported,,Pending,
Android,App Icon,512x512 PNG,,Pending,
Android,Feature Graphic,1024x500 PNG,,Pending,
Android,Phone Screenshots,Play listing required,,Pending,
Android,Tablet Screenshots,Recommended,,Pending,
Listing,App Name,Store field,,Pending,
Listing,Subtitle / Short Description,Store field,,Pending,
Listing,Long Description,Store field,,Pending,
Listing,Keywords / Tags,Store field,,Pending,
Compliance,Privacy Policy URL,Public URL,,Pending,
Compliance,Terms URL,Public URL,,Pending,
Compliance,Support URL,Public URL,,Pending,
Review,Reviewer Notes,Store review notes field,,Pending,
Review,Admin Link,Public route /admin,,Pending,